<FML linkable="true" onstart="theme({STASH.FmlPadMode} ?? {THEME.brightness} == 'dark' ?'dark':'light');"
    title="FmlPad">

    <VAR id="root" value="https://pad.fml.dev/" />
    <VAR id="p1" onchange="dbExample.url.set(join({root.value},{p1.value}))" value="{example}" />
    <VAR id="xml" onchange="{r1} ? fmlpad.replaceChildren({xml},false) : null" value="{editor}" />

    <GET id="dbWidgets" root="WIDGETS.WIDGET" ttl="1m" url="=join({root},'templates/widgets.xml')" />
    <GET id="dbStyles" root="STYLES.STYLE" ttl="1d" url="=join({root},'templates/styles.xml')" />
    <GET id="dbExamples" root="EXAMPLES.EXAMPLE" url="=join({root},'templates/examples.xml')" />
    <GET id="dbExample" onsuccess="editor.set({this.response})" refresh="true" url="{p1}" />

    <CONST id="default">
        <value>
            <![CDATA[<!-- Welcome to FmlPad! -->
<FML>
    <!-- Remember, the template is a STACK by default and non scrollable! -->
    <!-- For scrolling, try out the SCROLL widget! -->
    <BOX center="true" pad="40">
        <!-- title bar -->
        <ROW center="true">
            <IMAGE height="50" url="assets://applications/fmlpad/fmlpad.png"/>
            <PAD right="10"/>
            <TEXT value="**Welcome to FMLPad!**" style="h4" color="{THEME.primary}"/>
        </ROW>
        <!-- text block -->
        <PAD top="20"/>
        <TEXT  value="***FmlPad** allows you to test and develop FML templates **realtime** _without the need to compile_ any code.*" size="14"/>
        <!-- text block -->
        <PAD top="10"/>
        <TEXT value="*Try adding, removing or changing any of the markup text in the left editor window and see your changes reflected here instantly.*" size="14"/>
        <!-- text block -->
        <PAD top="10"/>
        <TEXT value="***FmlPad** itself it written entirely in **FML** with less than a few dozen simple lines of markup text!*" size="14"/>
        <!-- text block -->
        <PAD top="20"/>
        <ICON icon="face" color="{THEME.primary}"/>
        <PAD top="5"/>
        <TEXT value="*Happy Templating ...*" size="14"/>
        <PAD top="5"/>
        <TEXT italic="true" value="**The FML Development Team**" size="14"/>
    </BOX>
</FML>

]]>
        </value>
    </CONST>

    <HEADER height="50">
        <VAR id="isSmall" value="={SYSTEM.screenwidth}&lt;800" />
        <BOX color="{THEME.oninversesurface}" halign="left" layout="row" valign="center">

            <!-- logo -->
            <PAD left="20" />
            <IMAGE height="30" url="assets://images/fml-logo.png" />
            <PAD left="10" />
            <TEXT size="20" value="FmlPad" visible="=!{isSmall}" />
            <PAD left="50" visible="=!{isSmall}" />

            <!-- widgets -->
            <SELECT bordercolor="transparent" data="dbWidgets" hint="Widgets"
                onchange="copy({this})" visible="=!{isSmall}" width="150">
                <OPTION label="&lt;{data.title}/&gt;" value="{data.value}" />
            </SELECT>

            <PAD left="20" />

            <!-- examples -->
            <TYPEAHEAD bordercolor="transparent" data="dbExamples" hint="Examples" id="examples"
                onchange="p1.set({this.value})" value="" width="250">
                <OPTION value="{data.url}">
                    <label>
                        <ROW expand="false" valign="center">
                            <ICON color="{data.color}" icon="{data.icon}" size="16" />
                            <PAD left="10" />
                            <TEXT value="{data.title}" />
                        </ROW>
                    </label>
                </OPTION>
            </TYPEAHEAD>

            <!-- realtime slider -->
            <EXPAND>
                <ROW halign="end" valign="center">

                    <!-- Reset button -->
                    <BUTTON onclick="editor.set({default});examples.set(null);"
                        visible="={default} != {editor}">
                        <ICON icon="refresh" size="24" />
                    </BUTTON>

                    <PAD left="20" />

                    <!-- Save button -->
                    <BUTTON onclick="saveas({editor},'fmlpad.xml')" visible="=!{isSmall}">
                        <ICON icon="save" size="24" />
                    </BUTTON>

                    <PAD left="20" />

                    <!-- Open button -->
                    <FILEPICKER allow=".xml" id="fp1" onsuccess="editor.set({fp1.data.text})" />
                    <BUTTON onclick="fp1.start()" visible="=!{isSmall}">
                        <ICON icon="folder" size="24" />
                    </BUTTON>

                    <PAD left="40" />

                    <!-- Realtime Parsing button -->
                    <TEXT color="={r1} ? '{THEME.primary}' : '{THEME.outline}'" value="Realtime:"
                        visible="=!{isSmall}" />
                    <PAD left="20" />
                    <SWITCH id="r1" onchange="{this} ? fmlpad.replaceChildren({xml},false) : null"
                        value="true"
                        visible="=!{isSmall}" />
                    <PAD left="20" />

                </ROW>
            </EXPAND>
        </BOX>
    </HEADER>

    <FOOTER height="50">
        <BOX color="{THEME.oninversesurface}" halign="end" layout="row" valign="center">
            <LOG id="log1" />
            <EXPAND>
                <!--Error text display here-->
                <TEXT color="{THEME.error}" value="{log1.xml}" />
            </EXPAND>
            <!-- themes -->
            <PAD right="10" />
            <SELECT border="none" data="dbStyles" hint="Select an Editor Theme" id="theme"
                onchange="stash('FmlPadTheme',{this.value})" value="=nvl({STASH.FmlPadTheme},'solarized-dark')"
                width="180">
                <OPTION label='{data.label}' />
            </SELECT>
            <PAD right="40" />
            <ICON color="=!{mode} ? '#e6cc00' : 'grey'" icon="light_mode" />
            <PAD right="6" />
            <SWITCH id="mode" onchange="stash('FmlPadMode',{this.value});theme({this}?'dark':'light');"
                value="={STASH.FmlPadMode} ?? {THEME.brightness} == 'dark'" />
            <PAD right="6" />
            <ICON color="={mode} ? '{THEME.primary}' : 'grey'" icon="dark_mode" />
            <PAD right="20" />
        </BOX>
    </FOOTER>

    <SPLITVIEW dividercolor="" dividerhandlecolor="{THEME.primary}" dividerwidth="6.0" ratio=".50">

        <VIEW>
            <STACK>
                <BOX color="{THEME.background}" height="100%" id="flipbox" layout="stack"
                    width="100%">

                    <FLIP id="boxflip" duration="600" />

                    <GRID data="dbExamples" direction="vertical">
                        <ITEM height="90" width="200">
                            <STACK>

                                <PAD all="6">

                                    <LINK onclick="p1.set({data.url})">
                                        <BOX center="true" color="=endswith({dbExample.url},{data.url}) ? {THEME.inverseprimary} : {THEME.oninversesurface}" elevation="0.1" id="flipcard"
                                            layout="stack"
                                            opacity="0.8" pad="10" radius="3">
                                            <FLIP duration="600" id="cardflip" />
                                            <CENTER>
                                                <SCROLLER>
                                                    <TEXT size="12" value="{data.description}" />
                                                </SCROLLER>
                                            </CENTER>
                                            <CENTER>
                                                <COL expand="false" halign="center">
                                                    <ICON color="{data.color}" icon="{data.icon}" />
                                                    <TEXT size="12" value="{data.title}" />
                                                </COL>
                                            </CENTER>

                                        </BOX>
                                    </LINK>

                                </PAD>
                                <POS right="8" top="8">
                                    <LINK onclick="flipcard.animate()">
                                        <ICON color="#47C4FB" icon="info_outline" size="20" />
                                    </LINK>
                                </POS>
                            </STACK>
                        </ITEM>
                    </GRID>

                    <SCROLLER>
                        <EDITOR id="editor" language="xml" theme="={theme} ?? solarized-light"
                            value="{default}" />
                    </SCROLLER>


                </BOX>

                <POSITIONED right="15" top="5">
                    <COL expand="false">
                        <!-- Code / Example Toggle Button -->
                        <BUTTON onclick="flipbox.animate()">
                            <BOX bordercolor="{THEME.shadow}" color="{THEME.inverseprimary}" halign="center"
                                height="35" layout="row" radius="5" valign="center"
                                width="100">
                                <ICON
                                    icon="={boxflip.side} == 'back' ? 'code' : 'calendar_view_month'"
                                    size="20" />
                                <PAD left="5" />
                                <TEXT value="={boxflip.side} == 'back' ? 'Code' : 'Examples'" />
                            </BOX>
                        </BUTTON>

                        <!-- Parse Code Button -->
                        <BUTTON onclick="fmlpad.replaceChildren({xml},false)" visible="=!{r1}">
                            <BOX bordercolor="{THEME.shadow}" color="{THEME.inverseprimary}" halign="center"
                                height="35" layout="row" radius="5" valign="center"
                                width="100">
                                <ICON icon="play_arrow" size="20" />
                                <PAD left="5" />
                                <TEXT value="Parse" />
                            </BOX>
                        </BUTTON>
                    </COL>
                </POSITIONED>
            </STACK>
        </VIEW>

        <VIEW id="fmlpad" />

    </SPLITVIEW>
</FML>